,index,antecedents,consequents,antecedent support,consequent support,support,confidence,lift,leverage,conviction
0,3706,frozenset({'6782521'}),frozenset({'6792521'}),0.07096774193548387,0.07146401985111663,0.06054590570719603,0.8531468531468531,11.938131313131313,0.055474265588729685,6.322887864823348
1,3707,frozenset({'6792521'}),frozenset({'6782521'}),0.07146401985111663,0.07096774193548387,0.06054590570719603,0.8472222222222222,11.938131313131313,0.055474265588729685,6.0809384164222875
2,9149,frozenset({'6480353'}),"frozenset({'6470353', '6490353'})",0.0794044665012407,0.06699751861042183,0.05806451612903226,0.7312500000000001,10.914583333333335,0.05274461390686477,3.4716371400542454
3,9144,"frozenset({'6470353', '6490353'})",frozenset({'6480353'}),0.06699751861042183,0.0794044665012407,0.05806451612903226,0.8666666666666668,10.914583333333335,0.05274461390686477,6.9044665012407025
4,2931,frozenset({'5678634'}),frozenset({'5548634'}),0.07394540942928039,0.07692307692307693,0.06104218362282878,0.825503355704698,10.731543624161073,0.055354075205191824,5.289940828402368
5,2930,frozenset({'5548634'}),frozenset({'5678634'}),0.07692307692307693,0.07394540942928039,0.06104218362282878,0.7935483870967741,10.731543624161073,0.055354075205191824,4.485576923076922
6,3447,frozenset({'6402521'}),frozenset({'6412521'}),0.06600496277915632,0.07344913151364764,0.0511166253101737,0.7744360902255639,10.543842714895348,0.04626861811845403,4.107708850289495
7,3446,frozenset({'6412521'}),frozenset({'6402521'}),0.07344913151364764,0.06600496277915632,0.0511166253101737,0.6959459459459459,10.543842714895348,0.04626861811845403,3.071805900192997
8,2716,frozenset({'4752521'}),frozenset({'4762521'}),0.07543424317617867,0.07741935483870968,0.060049627791563275,0.7960526315789472,10.282346491228068,0.05420955735211718,4.523621227887614
9,2717,frozenset({'4762521'}),frozenset({'4752521'}),0.07741935483870968,0.07543424317617867,0.060049627791563275,0.7756410256410255,10.282346491228068,0.05420955735211718,4.120921658986173
10,9148,frozenset({'6490353'}),"frozenset({'6470353', '6480353'})",0.08238213399503722,0.06898263027295286,0.05806451612903226,0.7048192771084338,10.217344196931613,0.05238157983855575,3.154058844381426
11,9145,"frozenset({'6470353', '6480353'})",frozenset({'6490353'}),0.06898263027295286,0.08238213399503722,0.05806451612903226,0.841726618705036,10.217344196931611,0.05238157983855575,5.797676517031355
12,2704,frozenset({'4732521'}),frozenset({'4762521'}),0.06650124069478908,0.07741935483870968,0.0511166253101737,0.7686567164179106,9.928482587064678,0.045968142159609385,3.9879292403746116
13,2705,frozenset({'4762521'}),frozenset({'4732521'}),0.07741935483870968,0.06650124069478908,0.0511166253101737,0.6602564102564102,9.928482587064677,0.045968142159609385,2.74765672550213
14,9147,frozenset({'6470353'}),"frozenset({'6490353', '6480353'})",0.09478908188585608,0.0630272952853598,0.05806451612903226,0.612565445026178,9.719050171084636,0.05209021667518426,2.4184025216283285
15,9146,"frozenset({'6490353', '6480353'})",frozenset({'6470353'}),0.0630272952853598,0.09478908188585608,0.05806451612903226,0.9212598425196851,9.719050171084636,0.05209021667518426,11.496178660049631
16,3536,frozenset({'6490353'}),frozenset({'6480353'}),0.08238213399503722,0.0794044665012407,0.0630272952853598,0.7650602409638555,9.634977409638555,0.056485785886250146,3.918432270789592
17,3537,frozenset({'6480353'}),frozenset({'6490353'}),0.0794044665012407,0.08238213399503722,0.0630272952853598,0.79375,9.634977409638553,0.056485785886250146,4.449056320024061
18,3290,frozenset({'6152521'}),frozenset({'6112521'}),0.08535980148883375,0.07890818858560794,0.06401985111662531,0.75,9.504716981132075,0.057284263803114355,3.684367245657568
19,3291,frozenset({'6112521'}),frozenset({'6152521'}),0.07890818858560794,0.08535980148883375,0.06401985111662531,0.8113207547169811,9.504716981132074,0.057284263803114355,4.84759305210918
20,9399,frozenset({'878635'}),"frozenset({'888635', '858635'})",0.09379652605459057,0.05756823821339951,0.0511166253101737,0.544973544973545,9.466566320014596,0.045716924554673695,2.0711581741589242
21,9398,"frozenset({'888635', '858635'})",frozenset({'878635'}),0.05756823821339951,0.09379652605459057,0.0511166253101737,0.8879310344827586,9.466566320014595,0.045716924554673695,8.086123305974418
22,3494,frozenset({'6470353'}),frozenset({'6480353'}),0.09478908188585608,0.0794044665012407,0.06898263027295286,0.7277486910994765,9.165085078534032,0.061455953795664035,3.381418209581982
23,3495,frozenset({'6480353'}),frozenset({'6470353'}),0.0794044665012407,0.09478908188585608,0.06898263027295286,0.86875,9.165085078534032,0.061455953795664035,6.896845090393478
24,3287,frozenset({'6112521'}),frozenset({'6082521'}),0.07890818858560794,0.0749379652605459,0.05359801488833747,0.679245283018868,9.0641009621392,0.04768479579333658,2.8840169318347693
25,3286,frozenset({'6082521'}),frozenset({'6112521'}),0.0749379652605459,0.07890818858560794,0.05359801488833747,0.7152317880794703,9.064100962139198,0.04768479579333658,3.2345317098505406
26,7396,frozenset({'878635'}),"frozenset({'3029412', '888635'})",0.09379652605459057,0.06501240694789082,0.05359801488833747,0.5714285714285714,8.789531079607416,0.04750007696617799,2.181637717121588
27,7393,"frozenset({'3029412', '888635'})",frozenset({'878635'}),0.06501240694789082,0.09379652605459057,0.05359801488833747,0.8244274809160306,8.789531079607416,0.04750007696617799,5.161419786384725
28,9401,frozenset({'888635'}),"frozenset({'878635', '858635'})",0.10024813895781638,0.05806451612903226,0.0511166253101737,0.5099009900990099,8.781628162816281,0.0452957656287521,1.9219289670902573
29,9396,"frozenset({'878635', '858635'})",frozenset({'888635'}),0.05806451612903226,0.10024813895781638,0.0511166253101737,0.8803418803418803,8.781628162816281,0.0452957656287521,7.519354838709677
30,3289,frozenset({'6152521'}),frozenset({'6082521'}),0.08535980148883375,0.0749379652605459,0.05607940446650124,0.6569767441860465,8.76694132142307,0.04968271462788392,2.6967910165285778
31,3288,frozenset({'6082521'}),frozenset({'6152521'}),0.0749379652605459,0.08535980148883375,0.05607940446650124,0.7483443708609272,8.76694132142307,0.04968271462788392,3.634491315136477
32,3496,frozenset({'6470353'}),frozenset({'6490353'}),0.09478908188585608,0.08238213399503722,0.06699751861042183,0.706806282722513,8.579606383649782,0.05918859176523468,3.129732364409783
33,3497,frozenset({'6490353'}),frozenset({'6470353'}),0.08238213399503722,0.09478908188585608,0.06699751861042183,0.8132530120481928,8.579606383649782,0.05918859176523468,4.847258464740254
34,7392,"frozenset({'3029412', '878635'})",frozenset({'888635'}),0.06352357320099256,0.10024813895781638,0.05359801488833747,0.84375,8.416615099009901,0.04722989489498735,5.758411910669976
35,7397,frozenset({'888635'}),"frozenset({'3029412', '878635'})",0.10024813895781638,0.06352357320099256,0.05359801488833747,0.5346534653465347,8.416615099009901,0.04722989489498735,2.0124280660999947
36,3936,frozenset({'7658632'}),frozenset({'7648632'}),0.09379652605459057,0.08883374689826302,0.06947890818858561,0.7407407407407408,8.338506103869234,0.06114661133311578,3.514498404820986
37,3937,frozenset({'7648632'}),frozenset({'7658632'}),0.08883374689826302,0.09379652605459057,0.06947890818858561,0.782122905027933,8.338506103869232,0.06114661133311578,4.159241585544317
38,4055,frozenset({'888635'}),frozenset({'878635'}),0.10024813895781638,0.09379652605459057,0.07791563275434243,0.7772277227722773,8.286316726910787,0.06851270557666139,4.067846705266061
39,4054,frozenset({'878635'}),frozenset({'888635'}),0.09379652605459057,0.10024813895781638,0.07791563275434243,0.8306878306878307,8.286316726910785,0.06851270557666139,5.314159429280397
40,3935,frozenset({'7658632'}),frozenset({'7628632'}),0.09379652605459057,0.07047146401985112,0.052109181141439205,0.5555555555555556,7.88341158059468,0.0454992026303961,2.091439205955335
41,3934,frozenset({'7628632'}),frozenset({'7658632'}),0.07047146401985112,0.09379652605459057,0.052109181141439205,0.7394366197183099,7.883411580594679,0.0454992026303961,3.4778619810877878
42,2707,frozenset({'4752472'}),frozenset({'4772472'}),0.10421836228287841,0.08784119106699752,0.07047146401985112,0.6761904761904762,7.6978746300780205,0.06131679894587123,2.816961027587214
43,2706,frozenset({'4772472'}),frozenset({'4752472'}),0.08784119106699752,0.10421836228287841,0.07047146401985112,0.8022598870056498,7.6978746300780205,0.06131679894587123,4.5300957107408735
44,9397,"frozenset({'878635', '888635'})",frozenset({'858635'}),0.07791563275434243,0.08833746898263027,0.0511166253101737,0.6560509554140127,7.426644242467616,0.044233755518474964,2.6505743957356858
45,9400,frozenset({'858635'}),"frozenset({'878635', '888635'})",0.08833746898263027,0.07791563275434243,0.0511166253101737,0.5786516853932584,7.426644242467615,0.044233755518474964,2.188413564929694
46,9336,"frozenset({'738635', '828635'})",frozenset({'768635'}),0.060049627791563275,0.12655086848635236,0.05459057071960298,0.9090909090909092,7.183600713012479,0.04699123817029845,9.607940446650133
47,9341,frozenset({'768635'}),"frozenset({'738635', '828635'})",0.12655086848635236,0.060049627791563275,0.05459057071960298,0.43137254901960786,7.183600713012479,0.04699123817029845,1.653016171814837
48,4048,frozenset({'878635'}),frozenset({'858635'}),0.09379652605459057,0.08833746898263027,0.05806451612903226,0.6190476190476191,7.007758159443553,0.049778768418006394,2.3931141439205956
49,4049,frozenset({'858635'}),frozenset({'878635'}),0.08833746898263027,0.09379652605459057,0.05806451612903226,0.6573033707865169,7.007758159443553,0.049778768418006394,2.644331448562015
50,9235,"frozenset({'6972521', '7232521'})",frozenset({'7222521'}),0.08933002481389578,0.12258064516129032,0.0749379652605459,0.8388888888888889,6.843567251461989,0.06398783318658448,5.446051167964406
51,9238,frozenset({'7222521'}),"frozenset({'6972521', '7232521'})",0.12258064516129032,0.08933002481389578,0.0749379652605459,0.611336032388664,6.843567251461988,0.06398783318658448,2.3430779569892475
52,7873,"frozenset({'4142521', '4462521'})",frozenset({'4512521'}),0.0749379652605459,0.1349875930521092,0.06898263027295286,0.9205298013245035,6.8193659914296845,0.058866934714209194,10.884739454094314
53,7876,frozenset({'4512521'}),"frozenset({'4142521', '4462521'})",0.1349875930521092,0.0749379652605459,0.06898263027295286,0.5110294117647058,6.8193659914296845,0.058866934714209194,1.8918561913468535
54,9338,"frozenset({'738635', '768635'})",frozenset({'828635'}),0.06153846153846154,0.13052109181141439,0.05459057071960298,0.8870967741935484,6.796577946768061,0.046558503531208245,7.7010989010989
55,9339,frozenset({'828635'}),"frozenset({'738635', '768635'})",0.13052109181141439,0.06153846153846154,0.05459057071960298,0.41825095057034223,6.7965779467680605,0.046558503531208245,1.6131724484665662
56,9373,"frozenset({'748635', '768635'})",frozenset({'828635'}),0.07741935483870968,0.13052109181141439,0.0684863523573201,0.8846153846153847,6.7775665399239555,0.05838149363643641,7.535483870967747
57,9376,frozenset({'828635'}),"frozenset({'748635', '768635'})",0.13052109181141439,0.07741935483870968,0.0684863523573201,0.5247148288973384,6.777566539923955,0.05838149363643641,1.941109677419355
58,9239,frozenset({'7232521'}),"frozenset({'6972521', '7222521'})",0.1325062034739454,0.08436724565756824,0.0749379652605459,0.5655430711610487,6.7033487552324305,0.06375878184090783,2.1075340121502526
59,9234,"frozenset({'6972521', '7222521'})",frozenset({'7232521'}),0.08436724565756824,0.1325062034739454,0.0749379652605459,0.8882352941176469,6.70334875523243,0.06375878184090783,7.761786600496268
60,9273,frozenset({'828635'}),"frozenset({'7133297', '768635'})",0.13052109181141439,0.060049627791563275,0.052109181141439205,0.39923954372623577,6.648493228168307,0.04427143815921532,1.5646009360178408
61,9272,"frozenset({'7133297', '768635'})",frozenset({'828635'}),0.060049627791563275,0.13052109181141439,0.052109181141439205,0.8677685950413223,6.648493228168306,0.04427143815921532,6.575434243176178
62,9377,frozenset({'768635'}),"frozenset({'748635', '828635'})",0.12655086848635236,0.08188585607940446,0.0684863523573201,0.5411764705882354,6.608912655971481,0.05812362615372301,2.0010180059807854
63,9372,"frozenset({'748635', '828635'})",frozenset({'768635'}),0.08188585607940446,0.12655086848635236,0.0684863523573201,0.8363636363636364,6.60891265597148,0.05812362615372301,5.337744692583405
64,10086,"frozenset({'6642521', '6742521'})","frozenset({'9486925', '6752521'})",0.10272952853598015,0.084863523573201,0.05707196029776675,0.5555555555555556,6.546458739441196,0.04835397053118977,2.059057071960298
65,10087,"frozenset({'9486925', '6752521'})","frozenset({'6642521', '6742521'})",0.084863523573201,0.10272952853598015,0.05707196029776675,0.6725146198830408,6.546458739441195,0.04835397053118977,2.7398794753633453
66,9383,frozenset({'768635'}),"frozenset({'9486925', '828635'})",0.12655086848635236,0.07344913151364764,0.06054590570719603,0.4784313725490196,6.5137784843667195,0.05125085432457561,1.7764697102557883
67,9378,"frozenset({'9486925', '828635'})",frozenset({'768635'}),0.07344913151364764,0.12655086848635236,0.06054590570719603,0.8243243243243243,6.5137784843667195,0.05125085432457561,4.97194121015461
68,7872,"frozenset({'4142521', '4512521'})",frozenset({'4462521'}),0.09081885856079404,0.11662531017369727,0.06898263027295286,0.7595628415300547,6.512847343332171,0.05839085272367911,3.674035641777578
69,7877,frozenset({'4462521'}),"frozenset({'4142521', '4512521'})",0.11662531017369727,0.09081885856079404,0.06898263027295286,0.5914893617021276,6.5128473433321705,0.05839085272367911,2.225599669148056
70,2698,frozenset({'4722472'}),frozenset({'4752472'}),0.08933002481389578,0.10421836228287841,0.06054590570719603,0.6777777777777778,6.503439153439154,0.05123607681840292,2.7800119791221016
71,2699,frozenset({'4752472'}),frozenset({'4722472'}),0.10421836228287841,0.08933002481389578,0.06054590570719603,0.580952380952381,6.503439153439154,0.05123607681840292,2.1731897135122944
72,4051,frozenset({'888635'}),frozenset({'858635'}),0.10024813895781638,0.08833746898263027,0.05756823821339951,0.5742574257425742,6.500723106018467,0.04871257134764699,2.1413468751803335
73,4050,frozenset({'858635'}),frozenset({'888635'}),0.08833746898263027,0.10024813895781638,0.05756823821339951,0.651685393258427,6.500723106018467,0.04871257134764699,2.5831585687985275
74,6576,"frozenset({'3029412', '4512521'})",frozenset({'4462521'}),0.07890818858560794,0.11662531017369727,0.05955334987593052,0.7547169811320754,6.4712966680048165,0.0503506579068894,3.601450658522618
75,6581,frozenset({'4462521'}),"frozenset({'3029412', '4512521'})",0.11662531017369727,0.07890818858560794,0.05955334987593052,0.5106382978723404,6.4712966680048165,0.0503506579068894,1.8822310928902792
76,7887,frozenset({'4462521'}),"frozenset({'4512521', '4370921'})",0.11662531017369727,0.07245657568238213,0.05459057071960298,0.46808510638297873,6.460215680559604,0.04614030010652119,1.7437816377171216
77,7886,"frozenset({'4512521', '4370921'})",frozenset({'4462521'}),0.07245657568238213,0.11662531017369727,0.05459057071960298,0.7534246575342466,6.460215680559603,0.04614030010652119,3.582575130962228
78,9949,"frozenset({'6752521', '6742521'})","frozenset({'6642521', '3029412'})",0.11563275434243177,0.07444168734491315,0.055583126550868486,0.48068669527896996,6.45722460658083,0.04697522920527803,1.782273445030043
79,9944,"frozenset({'6642521', '3029412'})","frozenset({'6752521', '6742521'})",0.07444168734491315,0.11563275434243177,0.055583126550868486,0.7466666666666667,6.45722460658083,0.04697522920527803,3.49092333812198
80,7868,"frozenset({'4512521', '4370921'})",frozenset({'4142521'}),0.07245657568238213,0.11861042183622829,0.05508684863523573,0.7602739726027398,6.409841233449877,0.046492743628739785,3.676653668911734
81,7869,frozenset({'4142521'}),"frozenset({'4512521', '4370921'})",0.11861042183622829,0.07245657568238213,0.05508684863523573,0.46443514644351463,6.409841233449876,0.046492743628739785,1.7318974875930517
82,9380,"frozenset({'9486925', '768635'})",frozenset({'828635'}),0.07245657568238213,0.13052109181141439,0.06054590570719603,0.8356164383561644,6.402156362310538,0.051088794340215134,5.289330024813896
83,9381,frozenset({'828635'}),"frozenset({'9486925', '768635'})",0.13052109181141439,0.07245657568238213,0.06054590570719603,0.46387832699619774,6.402156362310538,0.051088794340215134,1.730098727627897
84,8465,frozenset({'4462521'}),"frozenset({'4512521', '9486925'})",0.11662531017369727,0.07990074441687345,0.05955334987593052,0.5106382978723404,6.390907889520285,0.050234900775203345,1.8802028266263888
85,8460,"frozenset({'4512521', '9486925'})",frozenset({'4462521'}),0.07990074441687345,0.11662531017369727,0.05955334987593052,0.7453416149068323,6.390907889520285,0.050234900775203345,3.4688615868788957
86,2700,frozenset({'4772472'}),frozenset({'4722472'}),0.08784119106699752,0.08933002481389578,0.05012406947890819,0.5706214689265537,6.387790332705588,0.04227721370121114,2.120902442209743
87,2701,frozenset({'4722472'}),frozenset({'4772472'}),0.08933002481389578,0.08784119106699752,0.05012406947890819,0.5611111111111111,6.387790332705587,0.04227721370121114,2.0783365266827905
88,8393,frozenset({'768635'}),"frozenset({'4370921', '828635'})",0.12655086848635236,0.06947890818858561,0.05607940446650124,0.44313725490196076,6.378011204481792,0.04728678829375219,1.6710061859993708
89,8388,"frozenset({'4370921', '828635'})",frozenset({'768635'}),0.06947890818858561,0.12655086848635236,0.05607940446650124,0.807142857142857,6.378011204481792,0.04728678829375219,4.52899549673743
90,9092,"frozenset({'6200129', '768635'})",frozenset({'828635'}),0.06153846153846154,0.13052109181141439,0.0511166253101737,0.8306451612903225,6.364068441064639,0.043084558121778964,5.134065934065932
91,9093,frozenset({'828635'}),"frozenset({'6200129', '768635'})",0.13052109181141439,0.06153846153846154,0.0511166253101737,0.3916349809885932,6.364068441064639,0.043084558121778964,1.542596153846154
92,9275,frozenset({'768635'}),"frozenset({'7133297', '828635'})",0.12655086848635236,0.06501240694789082,0.052109181141439205,0.4117647058823529,6.333632689717108,0.04388180457979546,1.5894789081885856
93,9270,"frozenset({'7133297', '828635'})",frozenset({'768635'}),0.06501240694789082,0.12655086848635236,0.052109181141439205,0.8015267175572519,6.333632689717108,0.04388180457979546,4.400839854934148
94,7234,frozenset({'7222521'}),"frozenset({'3029412', '7232521'})",0.12258064516129032,0.07543424317617867,0.058560794044665014,0.4777327935222672,6.333102493074792,0.049314015848875375,1.7702925731432861
95,7231,"frozenset({'3029412', '7232521'})",frozenset({'7222521'}),0.07543424317617867,0.12258064516129032,0.058560794044665014,0.7763157894736842,6.333102493074792,0.049314015848875375,3.9225806451612897
96,9940,"frozenset({'6642521', '3029412', '6752521'})",frozenset({'6742521'}),0.06104218362282878,0.14392059553349876,0.055583126550868486,0.910569105691057,6.326885337818896,0.046797899131205786,9.572524249943612
97,9953,frozenset({'6742521'}),"frozenset({'6642521', '3029412', '6752521'})",0.14392059553349876,0.06104218362282878,0.055583126550868486,0.38620689655172413,6.326885337818895,0.046797899131205786,1.5297627345470768
98,8391,frozenset({'828635'}),"frozenset({'4370921', '768635'})",0.13052109181141439,0.06799007444168735,0.05607940446650124,0.4296577946768061,6.319419388859592,0.047205265718032866,1.634124069478908
99,8390,"frozenset({'4370921', '768635'})",frozenset({'828635'}),0.06799007444168735,0.13052109181141439,0.05607940446650124,0.8248175182481751,6.319419388859592,0.047205265718032866,4.963275434243173
100,9237,frozenset({'6972521'}),"frozenset({'7222521', '7232521'})",0.12158808933002481,0.0977667493796526,0.0749379652605459,0.6163265306122448,6.304050554231845,0.06305069300346655,2.3515653872551607
101,9236,"frozenset({'7222521', '7232521'})",frozenset({'6972521'}),0.0977667493796526,0.12158808933002481,0.0749379652605459,0.766497461928934,6.304050554231845,0.06305069300346655,3.7618944869996755
102,9947,"frozenset({'3029412', '6752521'})","frozenset({'6642521', '6742521'})",0.0858560794044665,0.10272952853598015,0.055583126550868486,0.6473988439306358,6.301974253720924,0.046763171991699964,2.544717894479925
103,9946,"frozenset({'6642521', '6742521'})","frozenset({'3029412', '6752521'})",0.10272952853598015,0.0858560794044665,0.055583126550868486,0.5410628019323671,6.301974253720923,0.046763171991699964,1.9918714901397412
104,7296,"frozenset({'3029412', '828635'})",frozenset({'768635'}),0.0803970223325062,0.12655086848635236,0.06401985111662531,0.7962962962962963,6.292302106027596,0.053845538116729985,4.287841191066997
105,7301,frozenset({'768635'}),"frozenset({'3029412', '828635'})",0.12655086848635236,0.0803970223325062,0.06401985111662531,0.5058823529411764,6.292302106027596,0.053845538116729985,1.8611012643270706
106,9334,frozenset({'7222521'}),"frozenset({'9486925', '7232521'})",0.12258064516129032,0.07990074441687345,0.06153846153846154,0.5020242914979758,6.283099051977771,0.05174417673897383,1.8476789929189616
107,9331,"frozenset({'9486925', '7232521'})",frozenset({'7222521'}),0.07990074441687345,0.12258064516129032,0.06153846153846154,0.7701863354037267,6.2830990519777705,0.05174417673897383,3.8179598953792504
108,9090,"frozenset({'6200129', '828635'})",frozenset({'768635'}),0.06451612903225806,0.12655086848635236,0.0511166253101737,0.7923076923076924,6.260784313725491,0.04295205314976387,4.205495818399045
109,9095,frozenset({'768635'}),"frozenset({'6200129', '828635'})",0.12655086848635236,0.06451612903225806,0.0511166253101737,0.403921568627451,6.26078431372549,0.04295205314976387,1.5693972835314094
110,7300,frozenset({'828635'}),"frozenset({'3029412', '768635'})",0.13052109181141439,0.07841191066997519,0.06401985111662531,0.4904942965779468,6.255354478509891,0.053785442924961055,1.8087885633865415
111,7297,"frozenset({'3029412', '768635'})",frozenset({'828635'}),0.07841191066997519,0.13052109181141439,0.06401985111662531,0.8164556962025317,6.255354478509891,0.053785442924961055,4.73716094806195
112,8359,"frozenset({'4370921', '7232521'})",frozenset({'7222521'}),0.07196029776674938,0.12258064516129032,0.05508684863523573,0.7655172413793103,6.245009074410164,0.04626590890898903,3.7419354838709675
113,8362,frozenset({'7222521'}),"frozenset({'4370921', '7232521'})",0.12258064516129032,0.07196029776674938,0.05508684863523573,0.4493927125506073,6.245009074410164,0.04626590890898903,1.685483870967742
114,10080,"frozenset({'6642521', '9486925', '6752521'})",frozenset({'6742521'}),0.06352357320099256,0.14392059553349876,0.05707196029776675,0.8984375,6.242591594827586,0.047929609812264094,8.429089520900934
115,10093,frozenset({'6742521'}),"frozenset({'6642521', '9486925', '6752521'})",0.14392059553349876,0.06352357320099256,0.05707196029776675,0.396551724137931,6.242591594827585,0.047929609812264094,1.551875221552641
116,10084,"frozenset({'6642521', '9486925'})","frozenset({'6752521', '6742521'})",0.0794044665012407,0.11563275434243177,0.05707196029776675,0.71875,6.215799356223176,0.04789020312913693,3.1444168734491313
117,10089,"frozenset({'6752521', '6742521'})","frozenset({'6642521', '9486925'})",0.11563275434243177,0.0794044665012407,0.05707196029776675,0.4935622317596566,6.215799356223175,0.04789020312913693,1.8177860958068721
118,3947,frozenset({'768635'}),frozenset({'828635'}),0.12655086848635236,0.13052109181141439,0.1022332506203474,0.807843137254902,6.18936852307463,0.08571569309582597,4.524839216083456
119,3946,frozenset({'828635'}),frozenset({'768635'}),0.13052109181141439,0.12655086848635236,0.1022332506203474,0.7832699619771863,6.189368523074629,0.08571569309582597,4.030124940141919
120,8302,frozenset({'6972521'}),"frozenset({'4370921', '7222521'})",0.12158808933002481,0.06799007444168735,0.0511166253101737,0.42040816326530617,6.183375539997021,0.04284984206540278,1.6080452940970889
121,8299,"frozenset({'4370921', '7222521'})",frozenset({'6972521'}),0.06799007444168735,0.12158808933002481,0.0511166253101737,0.7518248175182481,6.18337553999702,0.04284984206540278,3.53948328711137
122,9952,frozenset({'6752521'}),"frozenset({'6642521', '3029412', '6742521'})",0.14838709677419354,0.06104218362282878,0.055583126550868486,0.37458193979933113,6.136443973135385,0.0465252541423197,1.5013282732447817
123,9941,"frozenset({'6642521', '3029412', '6742521'})",frozenset({'6752521'}),0.06104218362282878,0.14838709677419354,0.055583126550868486,0.910569105691057,6.136443973135385,0.0465252541423197,9.522580645161296
124,8303,frozenset({'7222521'}),"frozenset({'6972521', '4370921'})",0.12258064516129032,0.06799007444168735,0.0511166253101737,0.417004048582996,6.133307721859393,0.04278235812054751,1.5986559139784948
125,8298,"frozenset({'6972521', '4370921'})",frozenset({'7222521'}),0.06799007444168735,0.12258064516129032,0.0511166253101737,0.7518248175182481,6.133307721859393,0.04278235812054751,3.5354838709677416
126,10083,"frozenset({'9486925', '6752521', '6742521'})",frozenset({'6642521'}),0.06947890818858561,0.13399503722084366,0.05707196029776675,0.8214285714285714,6.130291005291006,0.04776213140897364,4.849627791563275
127,10090,frozenset({'6642521'}),"frozenset({'9486925', '6752521', '6742521'})",0.13399503722084366,0.06947890818858561,0.05707196029776675,0.42592592592592593,6.130291005291005,0.04776213140897364,1.6209077083166574
128,10088,"frozenset({'9486925', '6742521'})","frozenset({'6642521', '6752521'})",0.08734491315136476,0.10669975186104218,0.05707196029776675,0.6534090909090908,6.123810782241015,0.04775227973819185,2.5773908798763365
129,10085,"frozenset({'6642521', '6752521'})","frozenset({'9486925', '6742521'})",0.10669975186104218,0.08734491315136476,0.05707196029776675,0.5348837209302325,6.123810782241014,0.04775227973819185,1.9622084367245656
130,8358,"frozenset({'4370921', '7222521'})",frozenset({'7232521'}),0.06799007444168735,0.1325062034739454,0.05508684863523573,0.8102189781021897,6.11457393586484,0.04607774199705682,4.571025004771901
131,8363,frozenset({'7232521'}),"frozenset({'4370921', '7222521'})",0.1325062034739454,0.06799007444168735,0.05508684863523573,0.4157303370786517,6.11457393586484,0.04607774199705682,1.5951708341286506
132,6577,"frozenset({'3029412', '4462521'})",frozenset({'4512521'}),0.07245657568238213,0.1349875930521092,0.05955334987593052,0.8219178082191781,6.08883964544722,0.04977261112376777,4.857377362092004
133,6580,frozenset({'4512521'}),"frozenset({'3029412', '4462521'})",0.1349875930521092,0.07245657568238213,0.05955334987593052,0.4411764705882352,6.088839645447219,0.04977261112376777,1.6598145487788951
134,9151,"frozenset({'6642521', '6742521'})",frozenset({'6752521'}),0.10272952853598015,0.14838709677419354,0.09280397022332507,0.9033816425120773,6.0880067212770435,0.0775602337308893,8.814193548387097
135,9154,frozenset({'6752521'}),"frozenset({'6642521', '6742521'})",0.14838709677419354,0.10272952853598015,0.09280397022332507,0.6254180602006689,6.088006721277043,0.0775602337308893,2.3953917050691245
136,2607,frozenset({'4512521'}),frozenset({'4462521'}),0.1349875930521092,0.11662531017369727,0.09578163771712159,0.7095588235294117,6.084089486858573,0.08003866780781853,3.041492602946257
137,2606,frozenset({'4462521'}),frozenset({'4512521'}),0.11662531017369727,0.1349875930521092,0.09578163771712159,0.8212765957446808,6.084089486858573,0.08003866780781853,4.839950372208436
138,7884,"frozenset({'4462521', '4370921'})",frozenset({'4512521'}),0.06650124069478908,0.1349875930521092,0.05459057071960298,0.8208955223880597,6.081266461808604,0.04561372830323443,4.829652605459058
139,7889,frozenset({'4512521'}),"frozenset({'4462521', '4370921'})",0.1349875930521092,0.06650124069478908,0.05459057071960298,0.4044117647058823,6.081266461808604,0.04561372830323443,1.5673559415494895
140,7875,frozenset({'4142521'}),"frozenset({'4462521', '4512521'})",0.11861042183622829,0.09578163771712159,0.06898263027295286,0.5815899581589958,6.072040236737703,0.05762192981916027,2.1610818858560794
141,7874,"frozenset({'4462521', '4512521'})",frozenset({'4142521'}),0.09578163771712159,0.11861042183622829,0.06898263027295286,0.7202072538860104,6.072040236737703,0.05762192981916027,3.1501516404742214
142,9374,"frozenset({'768635', '828635'})",frozenset({'748635'}),0.1022332506203474,0.11066997518610422,0.0684863523573201,0.6699029126213593,6.0531586050764075,0.05717220104797149,2.6941468398773902
143,9375,frozenset({'748635'}),"frozenset({'768635', '828635'})",0.11066997518610422,0.1022332506203474,0.0684863523573201,0.6188340807174888,6.0531586050764075,0.05717220104797149,2.355317471901912
144,9150,"frozenset({'6642521', '6752521'})",frozenset({'6742521'}),0.10669975186104218,0.14392059553349876,0.09280397022332507,0.8697674418604652,6.043384121892543,0.07744767839220733,6.573466855724923
145,9155,frozenset({'6742521'}),"frozenset({'6642521', '6752521'})",0.14392059553349876,0.10669975186104218,0.09280397022332507,0.6448275862068966,6.043384121892543,0.07744767839220733,2.515117203498037
146,9335,frozenset({'7232521'}),"frozenset({'9486925', '7222521'})",0.1325062034739454,0.07692307692307693,0.06153846153846154,0.4644194756554308,6.0374531835206,0.05134567665585035,1.7235072619688006
147,9330,"frozenset({'9486925', '7222521'})",frozenset({'7232521'}),0.07692307692307693,0.1325062034739454,0.06153846153846154,0.8,6.0374531835206,0.05134567665585035,4.337468982630274
148,3841,frozenset({'7232521'}),frozenset({'7222521'}),0.1325062034739454,0.12258064516129032,0.0977667493796526,0.7378277153558053,6.019120835797359,0.08152405346994317,3.346728110599079
149,3840,frozenset({'7222521'}),frozenset({'7232521'}),0.12258064516129032,0.1325062034739454,0.0977667493796526,0.7975708502024291,6.0191208357973585,0.08152405346994317,4.28541935483871
150,9153,frozenset({'6642521'}),"frozenset({'6752521', '6742521'})",0.13399503722084366,0.11563275434243177,0.09280397022332507,0.6925925925925926,5.9895883007471,0.07730975500126225,2.876857305151126
151,9152,"frozenset({'6752521', '6742521'})",frozenset({'6642521'}),0.11563275434243177,0.13399503722084366,0.09280397022332507,0.8025751072961373,5.9895883007471,0.07730975500126225,4.386503398424858
152,9945,"frozenset({'6642521', '6752521'})","frozenset({'3029412', '6742521'})",0.10669975186104218,0.08734491315136476,0.055583126550868486,0.5209302325581395,5.964059196617336,0.04626344599129359,1.9050567346840446
153,9948,"frozenset({'3029412', '6742521'})","frozenset({'6642521', '6752521'})",0.08734491315136476,0.10669975186104218,0.055583126550868486,0.6363636363636364,5.964059196617336,0.04626344599129359,2.456575682382134
154,8462,"frozenset({'4462521', '9486925'})",frozenset({'4512521'}),0.07444168734491315,0.1349875930521092,0.05955334987593052,0.8,5.9264705882352935,0.04950464567850304,4.325062034739455
155,8463,frozenset({'4512521'}),"frozenset({'4462521', '9486925'})",0.1349875930521092,0.07444168734491315,0.05955334987593052,0.4411764705882352,5.9264705882352935,0.04950464567850304,1.6562622436985763
156,8841,frozenset({'6642521'}),"frozenset({'6742521', '6032521'})",0.13399503722084366,0.06501240694789082,0.05161290322580645,0.38518518518518524,5.924795024031666,0.04290156333700719,1.5207629525546358
157,8840,"frozenset({'6742521', '6032521'})",frozenset({'6642521'}),0.06501240694789082,0.13399503722084366,0.05161290322580645,0.7938931297709924,5.924795024031666,0.04290156333700719,4.201727782372944
158,10081,"frozenset({'6642521', '9486925', '6742521'})",frozenset({'6752521'}),0.06501240694789082,0.14838709677419354,0.05707196029776675,0.8778625954198473,5.916030534351146,0.04742495797646682,6.972580645161291
159,10092,frozenset({'6752521'}),"frozenset({'6642521', '9486925', '6742521'})",0.14838709677419354,0.06501240694789082,0.05707196029776675,0.38461538461538464,5.916030534351146,0.04742495797646682,1.5193548387096774
